date,a,b,c,d,e,mb
5-17-02,15,18,25,33,47,30
5-21-02,4,28,39,41,44,9
5-24-02,2,4,32,44,52,36
5-28-02,6,21,22,29,32,24
5-31-02,12,28,45,46,52,47
6-4-02,3,25,29,30,48,48
6-7-02,14,22,27,28,42,13
6-11-02,5,6,9,33,44,52
6-14-02,4,8,32,37,43,2
6-18-02,6,13,18,27,45,18
6-21-02,13,18,32,39,49,6
6-25-02,4,18,21,27,41,50
6-28-02,18,31,49,50,51,4
7-2-02,14,22,32,35,44,6
7-5-02,11,20,26,29,41,41
7-9-02,26,29,31,44,48,40
7-12-02,13,19,23,38,47,15
7-16-02,10,24,35,49,52,47
7-19-02,7,15,24,37,46,9
7-23-02,10,12,29,32,38,7
7-26-02,20,27,28,37,49,32
7-30-02,2,6,22,27,44,1
8-2-02,10,16,23,28,31,7
8-6-02,2,6,38,40,50,14
8-9-02,7,17,23,43,44,26
8-13-02,3,10,15,18,25,52
8-16-02,22,31,33,44,52,43
8-20-02,2,13,20,23,43,6
8-23-02,5,19,20,45,48,44
8-27-02,2,5,11,18,45,22
8-30-02,6,31,32,42,51,42
9-3-02,8,23,36,49,51,10
9-6-02,31,39,42,49,51,35
9-10-02,4,6,10,21,25,21
9-13-02,24,32,37,40,51,12
9-17-02,7,10,19,26,44,5
9-20-02,1,2,4,5,46,8
9-24-02,8,32,34,42,50,21
9-27-02,23,27,30,33,36,5
10-1-02,7,21,30,32,37,15
10-4-02,10,42,43,45,51,1
10-8-02,18,34,43,47,50,25
10-11-02,9,11,17,26,41,29
10-15-02,6,20,27,34,51,22
10-18-02,10,31,40,48,51,38
10-22-02,16,20,26,36,48,32
10-25-02,8,15,34,39,47,4
10-29-02,9,10,14,41,49,35
11-1-02,5,10,22,23,43,37
11-5-02,2,7,16,28,36,47
11-8-02,17,19,37,47,48,14
11-12-02,3,28,45,48,50,24
11-15-02,6,17,44,49,51,39
11-19-02,7,16,20,40,52,8
11-22-02,11,16,19,22,46,5
11-26-02,3,21,27,31,43,34
11-29-02,8,25,33,42,49,40
12-3-02,1,15,19,40,51,26
12-6-02,4,8,30,36,52,48
12-10-02,3,5,9,16,31,28
12-13-02,2,13,14,24,46,34
12-17-02,3,7,21,29,49,46
12-20-02,10,14,41,46,49,52
12-24-02,8,24,39,43,52,43
12-27-02,11,14,26,30,39,3
12-31-02,8,21,29,42,51,34
1-3-03,6,14,28,37,46,3
1-7-03,15,16,28,34,51,33
1-10-03,7,17,18,34,50,18
1-14-03,30,39,41,47,52,27
1-17-03,25,26,38,42,46,27
1-21-03,4,41,48,50,51,23
1-24-03,16,31,37,40,41,5
1-28-03,13,24,26,32,47,34
1-31-03,1,8,9,19,22,21
2-4-03,5,12,16,22,24,48
2-7-03,3,9,20,26,27,50
2-11-03,18,20,23,48,49,10
2-14-03,11,13,19,32,47,21
2-18-03,12,22,29,42,50,11
2-21-03,21,28,29,40,51,20
2-25-03,2,4,6,37,47,38
2-28-03,11,16,26,48,49,13
3-4-03,2,26,36,37,41,22
3-7-03,7,10,32,36,41,33
3-11-03,10,15,26,28,39,10
3-14-03,3,6,14,31,33,8
3-18-03,13,14,16,29,49,29
3-21-03,6,17,18,40,50,8
3-25-03,15,21,37,40,42,7
3-28-03,8,12,21,27,29,15
4-1-03,7,12,26,45,47,36
4-4-03,6,22,28,31,40,18
4-8-03,8,10,24,38,45,6
4-11-03,15,26,27,38,39,46
4-15-03,16,29,31,39,52,21
4-18-03,5,15,24,50,52,3
4-22-03,3,9,15,28,52,7
4-25-03,1,12,32,48,51,29
4-29-03,6,8,9,33,35,32
5-2-03,2,5,19,32,34,52
5-6-03,5,14,32,44,52,24
5-9-03,1,10,20,22,28,39
5-13-03,17,20,47,49,50,34
5-16-03,5,10,16,26,39,52
5-20-03,2,16,36,44,49,3
5-23-03,12,20,31,33,50,17
5-27-03,10,11,17,20,26,3
5-30-03,1,21,28,33,51,3
6-3-03,4,20,25,29,32,20
6-6-03,10,14,28,39,40,35
6-10-03,14,15,23,32,52,37
6-13-03,12,15,16,20,51,33
6-17-03,27,31,34,40,52,1
6-20-03,1,2,3,12,37,35
6-24-03,2,26,43,44,47,31
6-27-03,1,14,20,31,40,43
7-1-03,28,32,39,45,48,31
7-4-03,6,7,22,37,46,8
7-8-03,2,9,27,29,35,18
7-11-03,1,4,10,16,18,10
7-15-03,1,26,33,43,48,22
7-18-03,29,30,34,38,44,39
7-22-03,1,5,31,38,47,3
7-25-03,33,46,47,50,51,30
7-29-03,1,17,19,32,42,33
8-1-03,2,11,27,30,33,46
8-5-03,7,32,34,38,44,49
8-8-03,6,9,35,40,43,42
8-12-03,8,11,18,35,51,26
8-15-03,1,16,20,41,52,13
8-19-03,7,11,24,28,52,16
8-22-03,4,19,31,32,51,31
8-26-03,9,28,42,44,49,47
8-29-03,8,11,17,42,52,10
9-2-03,22,26,27,32,39,14
9-5-03,7,9,28,41,42,19
9-9-03,14,15,30,39,46,30
9-12-03,16,22,23,38,46,45
9-16-03,15,20,24,30,46,42
9-19-03,13,14,24,34,47,13
9-23-03,5,16,24,49,51,28
9-26-03,5,29,32,45,52,29
9-30-03,2,26,37,40,46,49
10-3-03,19,21,30,31,52,51
10-7-03,1,2,22,40,41,43
10-10-03,4,19,36,42,48,13
10-14-03,18,19,21,33,40,29
10-17-03,14,20,31,46,48,18
10-21-03,18,34,46,51,52,38
10-24-03,8,9,16,30,31,15
10-28-03,6,9,20,40,47,26
10-31-03,6,12,13,36,46,3
11-4-03,16,24,43,44,45,22
11-7-03,6,18,23,26,30,31
11-11-03,2,5,17,21,22,43
11-14-03,3,13,31,41,42,52
11-18-03,4,11,25,30,52,36
11-21-03,14,26,28,36,42,14
11-25-03,22,32,37,40,41,52
11-28-03,19,26,31,44,50,19
12-2-03,10,13,24,34,49,4
12-5-03,1,12,15,18,44,42
12-9-03,4,14,15,24,48,41
12-12-03,9,16,32,45,46,26
12-16-03,16,24,31,46,47,47
12-19-03,5,10,17,35,39,38
12-23-03,2,13,21,22,49,52
12-26-03,1,10,17,20,29,36
12-30-03,12,18,21,32,46,49
1-2-04,7,8,36,44,48,9
1-6-04,7,13,15,25,32,9
1-9-04,24,32,38,47,49,12
1-13-04,3,17,18,21,45,21
1-16-04,12,26,41,44,49,44
1-20-04,5,7,14,21,45,36
1-23-04,10,18,33,46,51,13
1-27-04,6,10,20,38,50,27
1-30-04,17,28,30,40,51,44
2-3-04,9,21,26,35,41,17
2-6-04,1,6,16,30,49,13
2-10-04,3,7,10,22,32,23
2-13-04,14,30,42,43,45,30
2-17-04,2,8,34,36,52,21
2-20-04,1,13,20,21,30,24
2-24-04,6,11,43,49,52,21
2-27-04,2,9,24,36,52,44
3-2-04,25,30,35,40,50,4
3-5-04,30,40,47,49,52,3
3-9-04,16,23,29,36,51,49
3-12-04,4,29,32,35,36,11
3-16-04,3,28,45,49,51,52
3-19-04,6,9,14,32,50,4
3-23-04,12,22,35,39,46,32
3-26-04,8,10,17,37,49,20
3-30-04,3,27,31,41,45,33
4-2-04,8,17,25,46,47,13
4-6-04,8,17,29,32,39,49
4-9-04,2,8,10,11,23,40
4-13-04,13,36,39,50,51,34
4-16-04,6,24,29,42,51,41
4-20-04,12,22,37,46,48,49
4-23-04,8,22,25,47,48,27
4-27-04,1,10,17,23,35,45
4-30-04,15,21,32,39,50,34
5-4-04,3,15,29,37,39,40
5-7-04,14,17,19,44,50,17
5-11-04,9,25,30,34,37,30
5-14-04,10,19,32,36,46,6
5-18-04,2,36,44,46,51,45
5-21-04,4,20,27,38,49,31
5-25-04,5,18,34,36,39,43
5-28-04,13,27,36,39,51,33
6-1-04,7,16,17,26,48,15
6-4-04,4,16,18,41,47,46
6-8-04,17,24,29,37,45,43
6-11-04,12,28,36,39,52,36
6-15-04,18,23,27,29,44,24
6-18-04,7,10,11,15,51,23
6-22-04,9,10,17,41,52,19
6-25-04,18,19,29,32,42,32
6-29-04,10,13,19,28,38,1
7-2-04,10,25,38,39,50,12
7-6-04,6,7,8,31,48,19
7-9-04,11,23,25,29,45,16
7-13-04,13,31,37,39,52,38
7-16-04,3,21,22,35,44,7
7-20-04,6,15,21,32,44,13
7-23-04,5,12,25,35,37,12
7-27-04,8,10,11,13,24,46
7-30-04,16,19,21,34,35,22
8-3-04,1,2,13,16,22,31
8-6-04,4,23,33,38,49,7
8-10-04,18,25,29,31,44,33
8-13-04,14,31,41,45,48,20
8-17-04,22,23,26,28,36,10
8-20-04,12,17,34,37,39,34
8-24-04,2,5,21,47,50,46
8-27-04,5,25,38,46,47,14
8-31-04,14,15,25,42,44,3
9-3-04,4,14,34,38,44,10
9-7-04,13,30,36,38,51,35
9-10-04,11,17,27,45,52,5
9-14-04,12,35,37,38,50,49
9-17-04,3,16,25,38,49,4
9-21-04,1,3,15,19,29,39
9-24-04,11,26,30,49,50,52
9-28-04,1,18,39,42,50,35
10-1-04,8,10,17,24,39,52
10-5-04,8,34,39,48,49,47
10-8-04,16,17,21,33,41,6
10-12-04,4,18,19,39,51,13
10-15-04,4,8,24,30,36,25
10-19-04,6,13,19,34,50,33
10-22-04,3,7,20,24,43,36
10-26-04,14,25,39,43,49,27
10-29-04,10,18,26,31,41,48
11-2-04,24,32,42,49,50,3
11-5-04,3,29,30,41,43,1
11-9-04,11,20,26,28,52,7
11-12-04,5,31,33,35,51,1
11-16-04,9,10,27,28,30,18
11-19-04,1,12,24,36,51,38
11-23-04,8,30,32,35,51,17
11-26-04,7,9,18,37,43,34
11-30-04,10,20,22,28,52,4
12-3-04,12,32,37,41,52,13
12-7-04,1,19,22,32,49,29
12-10-04,22,23,37,42,47,15
12-14-04,14,27,32,34,40,2
12-17-04,16,34,38,42,47,1
12-21-04,7,22,27,31,38,12
12-24-04,9,20,22,41,42,10
12-28-04,18,29,32,38,43,50
12-31-04,10,14,45,47,51,20
1-4-05,3,6,7,12,32,30
1-7-05,2,8,14,15,51,38
1-11-05,2,23,24,35,45,18
1-14-05,15,19,24,40,47,50
1-18-05,10,23,28,39,51,5
1-21-05,17,27,39,40,41,21
1-25-05,2,10,21,25,45,22
1-28-05,25,31,39,47,52,43
2-1-05,3,17,21,42,44,35
2-4-05,3,12,14,30,52,34
2-8-05,8,11,14,23,25,21
2-11-05,6,14,21,24,50,28
2-15-05,3,16,20,21,38,10
2-18-05,1,19,31,35,42,34
2-22-05,15,18,28,41,45,27
2-25-05,4,13,37,38,50,24
3-1-05,1,8,18,39,48,1
3-4-05,7,10,13,35,39,21
3-8-05,8,14,15,22,31,13
3-11-05,18,19,31,35,36,17
3-15-05,14,26,27,34,44,27
3-18-05,2,9,28,29,48,33
3-22-05,6,11,27,37,43,34
3-25-05,11,18,19,45,49,2
3-29-05,7,17,18,30,42,38
4-1-05,11,19,28,32,45,10
4-5-05,4,19,45,51,52,22
4-8-05,5,13,17,33,35,35
4-12-05,15,20,43,47,50,24
4-15-05,25,26,37,39,49,29
4-19-05,5,6,14,42,47,3
4-22-05,23,25,43,46,49,26
4-26-05,18,22,33,34,42,16
4-29-05,2,5,7,28,46,21
5-3-05,7,17,42,46,52,47
5-6-05,7,12,25,50,51,19
5-10-05,11,25,38,40,42,40
5-13-05,21,23,27,33,39,8
5-17-05,7,9,10,29,44,17
5-20-05,3,6,27,40,44,9
5-24-05,9,28,39,40,45,24
5-27-05,7,17,22,34,50,24
5-31-05,5,13,22,37,38,11
6-3-05,4,6,14,28,47,42
6-7-05,7,14,28,46,47,25
6-10-05,14,29,31,37,50,34
6-14-05,1,10,29,48,49,36
6-17-05,16,35,40,49,50,34
6-21-05,9,13,40,46,50,30
6-24-05,14,43,44,50,56,7
6-28-05,2,20,37,43,46,4
7-1-05,14,25,41,42,50,40
7-5-05,22,38,48,50,55,29
7-8-05,9,23,45,48,50,3
7-12-05,5,17,32,39,53,36
7-15-05,9,13,25,36,48,2
7-19-05,7,13,48,51,54,11
7-22-05,7,18,27,35,54,34
7-26-05,1,10,18,29,55,8
7-29-05,4,16,23,25,40,22
8-2-05,17,22,39,50,52,46
8-5-05,3,5,48,50,53,4
8-9-05,13,35,36,43,52,5
8-12-05,8,37,38,45,54,21
8-16-05,9,15,20,24,55,3
8-19-05,2,13,18,36,46,36
8-23-05,6,7,8,13,40,12
8-26-05,5,20,38,47,54,35
8-30-05,19,32,42,49,56,29
9-2-05,1,4,14,45,53,33
9-6-05,1,8,27,31,50,40
9-9-05,15,28,43,51,52,11
9-13-05,13,24,44,48,52,30
9-16-05,5,16,41,46,50,1
9-20-05,35,36,40,42,52,45
9-23-05,6,7,20,41,51,38
9-27-05,14,17,26,27,28,5
9-30-05,1,3,14,30,52,10
10-4-05,12,24,28,29,36,41
10-7-05,2,4,23,27,36,37
10-11-05,24,30,42,53,54,20
10-14-05,6,20,24,25,34,44
10-18-05,3,12,16,32,33,15
10-21-05,11,17,28,29,36,42
10-25-05,7,12,18,31,55,30
10-28-05,8,17,25,28,53,1
11-1-05,5,18,21,28,36,20
11-4-05,7,9,41,53,54,38
11-8-05,8,16,21,25,27,16
11-11-05,9,14,34,50,51,40
11-15-05,2,4,5,40,48,7
11-18-05,8,18,21,42,46,11
11-22-05,9,22,37,41,43,30
11-25-05,5,25,31,33,34,41
11-29-05,7,8,47,51,52,5
12-2-05,3,12,21,38,44,45
12-6-05,6,10,26,30,33,16
12-9-05,14,15,31,32,43,20
12-13-05,9,10,12,22,41,4
12-16-05,14,25,26,31,56,17
12-20-05,6,20,23,40,56,36
12-23-05,10,37,39,49,54,8
12-27-05,11,24,27,49,55,23
12-30-05,14,20,25,40,44,37
1-3-06,15,19,20,32,38,21
1-6-06,8,11,28,37,53,12
1-10-06,7,27,32,37,38,30
1-13-06,5,21,27,44,53,36
1-17-06,24,32,37,39,40,44
1-20-06,18,22,28,44,53,46
1-24-06,31,34,36,51,55,4
1-27-06,2,7,8,18,29,46
1-31-06,1,35,53,54,56,44
2-3-06,29,31,32,41,52,42
2-7-06,2,16,25,30,48,26
2-10-06,24,39,40,43,46,2
2-14-06,27,36,43,49,54,33
2-17-06,16,25,31,43,46,28
2-21-06,14,23,27,36,45,36
2-24-06,3,5,12,16,34,27
2-28-06,2,4,35,36,48,22
3-3-06,25,29,38,39,46,4
3-7-06,15,27,36,38,42,32
3-10-06,4,17,18,51,54,31
3-14-06,27,28,30,42,50,22
3-17-06,8,11,23,48,52,5
3-21-06,4,16,17,28,31,8
3-24-06,1,2,17,47,49,19
3-28-06,14,18,35,39,49,14
3-31-06,4,7,19,50,52,15
4-4-06,9,25,48,51,56,7
4-7-06,1,18,31,46,52,37
4-11-06,2,12,45,46,56,20
4-14-06,8,10,18,29,33,10
4-18-06,13,14,25,34,50,6
4-21-06,2,4,7,27,41,4
4-25-06,1,20,32,37,39,9
4-28-06,16,29,32,36,55,12
5-2-06,7,11,22,27,31,33
5-5-06,8,20,39,53,55,10
5-9-06,7,15,24,43,44,22
5-12-06,6,36,39,45,52,45
5-16-06,7,24,40,48,50,15
5-19-06,5,12,31,51,56,1
5-23-06,17,21,28,48,54,1
5-26-06,12,14,20,47,48,24
5-30-06,2,13,28,34,45,36
6-2-06,3,10,18,36,38,41
6-6-06,5,29,35,52,53,9
6-9-06,8,17,18,26,47,37
6-13-06,1,20,23,24,33,29
6-16-06,27,30,36,38,45,13
6-20-06,11,21,37,53,54,12
6-23-06,13,17,24,34,56,24
6-27-06,2,14,20,29,44,32
6-30-06,20,40,46,48,54,27
7-4-06,9,15,31,42,45,41
7-7-06,7,15,27,46,56,39
7-11-06,5,14,34,36,52,42
7-14-06,13,25,26,28,56,39
7-18-06,12,13,29,49,52,20
7-21-06,18,26,35,36,43,24
7-25-06,7,21,24,41,51,10
7-28-06,2,13,23,32,35,4
8-1-06,14,29,32,43,49,14
8-4-06,2,24,31,50,55,44
8-8-06,1,5,13,18,33,30
8-11-06,14,16,38,40,49,29
8-15-06,10,12,22,44,48,16
8-18-06,5,12,13,46,50,10
8-22-06,3,4,5,7,36,16
8-25-06,17,24,35,46,54,33
8-29-06,15,25,37,38,52,4
9-1-06,5,6,51,53,55,12
9-5-06,1,32,36,42,53,4
9-8-06,9,17,34,52,53,2
9-12-06,3,16,25,30,44,42
9-15-06,6,26,33,39,55,1
9-19-06,2,19,44,45,56,43
9-22-06,7,12,17,22,43,16
9-26-06,3,6,38,42,45,30
9-29-06,3,25,43,45,55,40
10-3-06,6,19,32,33,40,39
10-6-06,1,11,20,21,46,18
10-10-06,14,30,35,40,43,2
10-13-06,24,27,42,47,50,8
10-17-06,6,18,20,28,38,37
10-20-06,9,13,23,29,54,34
10-24-06,5,25,41,48,51,35
10-27-06,15,22,26,30,32,31
10-31-06,5,34,40,45,46,21
11-3-06,8,10,22,25,55,22
11-7-06,13,22,33,51,52,42
11-10-06,11,42,52,53,55,28
11-14-06,9,20,24,25,36,23
11-17-06,5,19,25,30,50,42
11-21-06,7,13,20,42,47,9
11-24-06,14,35,40,47,48,35
11-28-06,7,14,24,41,56,7
12-1-06,16,22,23,37,53,35
12-5-06,6,9,13,43,46,45
12-8-06,1,15,29,32,45,8
12-12-06,20,30,31,35,49,23
12-15-06,6,7,17,28,40,39
12-19-06,9,32,37,42,48,7
12-22-06,5,12,15,25,34,43
12-26-06,7,12,25,44,53,3
12-29-06,3,4,10,39,50,29
1-2-07,9,10,38,51,53,1
1-5-07,2,12,44,46,51,6
1-9-07,7,11,26,38,54,13
1-12-07,12,14,26,40,42,22
1-16-07,4,8,15,33,52,10
1-19-07,4,28,30,31,35,17
1-23-07,3,5,15,26,53,35
1-26-07,16,17,36,49,54,14
1-30-07,14,18,44,52,56,25
2-2-07,22,33,35,40,53,15
2-6-07,16,21,35,36,46,38
2-9-07,32,39,46,48,49,41
2-13-07,3,9,24,29,41,41
2-16-07,17,35,40,46,48,41
2-20-07,1,9,26,46,51,11
2-23-07,3,18,21,38,50,43
2-27-07,18,31,44,45,48,18
3-2-07,14,21,33,35,51,43
3-6-07,16,22,29,39,42,20
3-9-07,10,13,25,42,43,30
3-13-07,7,11,16,38,49,35
3-16-07,17,25,36,40,43,9
3-20-07,7,21,46,49,55,15
3-23-07,18,21,35,51,53,36
3-27-07,18,25,34,35,42,6
3-30-07,15,23,37,48,53,22
4-3-07,16,26,33,34,46,38
4-6-07,24,32,34,36,39,6
4-10-07,7,15,16,19,28,10
4-13-07,11,14,21,25,26,33
4-17-07,1,4,11,31,47,37
4-20-07,1,9,10,23,53,40
4-24-07,8,10,35,36,43,14
4-27-07,5,7,26,38,56,15
5-1-07,11,16,31,52,53,42
5-4-07,4,9,20,45,55,34
5-8-07,16,24,41,43,54,36
5-11-07,28,30,33,48,54,25
5-15-07,6,13,42,46,56,42
5-18-07,13,23,24,30,44,5
5-22-07,2,7,11,22,36,35
5-25-07,10,14,22,42,43,1
5-29-07,2,24,44,51,54,7
6-1-07,12,19,29,32,48,9
6-5-07,27,35,38,49,56,15
6-8-07,6,26,29,31,39,31
6-12-07,3,13,19,31,50,21
6-15-07,1,5,16,26,30,21
6-19-07,5,16,31,49,54,19
6-22-07,11,14,21,24,31,23
6-26-07,4,10,20,29,45,21
6-29-07,1,17,40,51,52,7
7-3-07,21,35,37,39,40,35
7-6-07,3,9,12,25,47,37
7-10-07,19,24,30,34,56,19
7-13-07,7,39,41,48,53,21
7-17-07,16,30,38,46,51,5
7-20-07,6,13,30,41,52,26
7-24-07,8,17,20,23,50,17
7-27-07,7,12,35,54,55,2
7-31-07,5,18,37,39,43,42
8-3-07,16,29,42,46,51,40
8-7-07,36,41,50,55,56,9
8-10-07,10,20,32,33,54,39
8-14-07,5,8,9,24,34,17
8-17-07,2,8,33,38,53,12
8-21-07,8,38,54,55,56,2
8-24-07,4,21,46,51,53,5
8-28-07,37,40,48,53,56,44
8-31-07,8,18,22,40,44,11
9-4-07,3,6,11,42,46,38
9-7-07,14,19,27,34,48,3
9-11-07,9,10,17,21,35,6
9-14-07,5,9,12,33,40,27
9-18-07,20,24,31,34,49,8
9-21-07,5,21,23,33,45,43
9-25-07,2,19,23,47,54,16
9-28-07,4,13,20,25,33,42
10-2-07,28,37,40,43,44,20
10-5-07,10,19,37,40,48,1
10-9-07,1,10,17,32,51,44
10-12-07,21,26,34,44,54,23
10-16-07,1,2,5,41,44,25
10-19-07,5,15,18,23,46,14
10-23-07,2,7,45,52,53,18
10-26-07,12,20,24,38,51,3
10-30-07,2,8,44,46,51,22
11-2-07,1,3,34,49,52,19
11-6-07,3,17,43,46,47,2
11-9-07,11,33,41,42,46,21
11-13-07,15,26,36,39,40,45
11-16-07,12,13,30,31,39,29
11-20-07,14,20,23,42,43,6
11-23-07,18,21,33,42,56,11
11-27-07,9,10,26,29,39,10
11-30-07,5,6,12,26,51,7
12-4-07,16,27,30,45,53,43
12-7-07,12,18,26,28,51,35
12-11-07,6,25,27,30,45,46
12-14-07,4,7,12,17,30,44
12-18-07,3,23,46,48,49,2
12-21-07,14,19,20,43,53,7
12-28-07,2,19,22,28,54,25
1-1-08,13,16,25,30,54,11
1-4-08,24,31,39,40,56,32
1-8-08,10,29,45,52,54,10
1-11-08,22,36,42,45,55,42
1-15-08,21,30,42,44,50,6
1-18-08,12,22,33,43,44,15
1-22-08,12,15,22,25,33,2
1-25-08,5,12,22,38,56,22
1-29-08,8,23,39,40,42,24
2-1-08,3,14,30,44,56,5
2-5-08,4,5,17,40,51,38
2-8-08,21,30,43,46,50,18
2-12-08,14,27,39,47,50,12
2-15-08,7,11,26,30,53,14
2-19-08,1,38,42,55,56,34
2-22-08,7,12,13,19,22,10
2-26-08,9,12,30,36,55,15
2-29-08,5,17,22,26,55,38
3-4-08,7,15,30,33,56,22
3-7-08,19,32,33,41,48,12
3-11-08,4,13,35,41,47,44
3-14-08,3,12,18,25,52,21
3-18-08,13,15,20,25,44,37
3-21-08,5,8,17,19,41,21
3-25-08,38,42,43,48,53,12
3-28-08,7,26,27,40,43,10
4-1-08,4,17,26,46,56,25
4-4-08,3,5,40,45,49,17
4-8-08,8,9,31,37,44,38
4-11-08,14,18,27,31,42,7
4-15-08,12,13,27,48,50,30
4-18-08,24,28,36,50,53,29
4-22-08,3,22,31,48,54,9
4-25-08,19,32,37,45,52,41
4-29-08,19,24,35,44,51,26
5-2-08,8,28,37,53,55,26
5-6-08,4,21,46,53,54,26
5-9-08,16,31,43,46,56,22
5-13-08,20,24,27,31,47,15
5-16-08,6,11,39,46,47,26
5-20-08,2,14,26,32,41,32
5-23-08,4,8,11,22,30,4
5-27-08,14,24,32,45,49,17
5-30-08,39,40,47,53,55,32
6-3-08,4,19,24,32,54,5
6-6-08,8,9,43,44,54,27
6-10-08,3,5,15,43,51,11
6-13-08,8,9,14,38,44,36
6-17-08,5,14,25,47,49,36
6-20-08,11,17,25,36,42,13
6-24-08,10,22,36,50,53,39
6-27-08,8,14,22,39,50,44
7-1-08,1,22,33,43,52,36
7-4-08,1,3,12,19,20,28
7-8-08,1,20,22,29,41,35
7-11-08,5,14,16,39,51,34
7-15-08,19,24,34,45,51,40
7-18-08,17,29,36,53,55,26
7-22-08,2,16,23,29,32,46
7-25-08,2,16,19,35,52,17
7-29-08,11,13,20,30,42,3
8-1-08,9,13,17,18,56,2
8-5-08,9,21,36,38,55,13
8-8-08,11,17,28,32,50,33
8-12-08,2,7,23,38,40,40
8-15-08,8,23,29,30,53,7
8-19-08,9,18,19,26,40,38
8-22-08,12,13,15,41,42,37
8-26-08,6,16,24,34,36,30
8-29-08,21,25,26,50,51,22
9-2-08,14,23,43,44,54,39
9-5-08,1,6,15,27,46,39
9-9-08,22,23,28,49,52,2
9-12-08,1,12,14,25,35,38
9-16-08,13,24,39,51,52,44
9-19-08,2,9,41,48,51,37
9-23-08,9,32,34,43,52,4
9-26-08,6,13,14,31,36,36
9-30-08,9,30,35,39,49,36
10-3-08,13,28,32,41,52,16
10-7-08,2,25,35,38,42,34
10-10-08,14,15,43,46,48,21
10-14-08,14,35,41,42,51,23
10-17-08,7,15,27,28,31,35
10-21-08,16,19,39,42,44,38
10-24-08,5,33,34,47,52,18
10-28-08,6,39,45,46,48,36
10-31-08,2,7,17,29,47,40
11-4-08,10,21,23,41,55,9
11-7-08,14,24,32,43,44,21
11-11-08,5,27,38,42,55,41
11-14-08,3,18,19,30,34,3
11-18-08,10,15,22,52,53,12
11-21-08,1,22,52,53,56,45
11-25-08,2,11,22,51,52,46
11-28-08,10,30,44,46,48,44
12-2-08,2,17,22,32,51,35
12-5-08,21,27,46,52,55,14
12-9-08,11,12,26,31,33,27
12-12-08,10,16,19,27,48,25
12-16-08,10,14,16,29,40,6
12-19-08,3,13,16,39,54,32
12-23-08,1,8,13,27,41,45
12-26-08,6,19,29,33,37,31
12-30-08,1,22,29,44,52,39
1-2-09,2,11,19,21,34,38
1-6-09,3,11,12,19,33,30
1-9-09,23,25,30,45,50,8
1-13-09,22,25,33,36,48,40
1-16-09,2,4,21,39,51,29
1-20-09,1,9,10,35,46,9
1-23-09,2,17,20,27,28,7
1-27-09,3,11,12,14,21,25
1-30-09,13,16,19,53,55,2
2-3-09,4,15,29,43,56,29
2-6-09,2,12,18,28,31,3
2-10-09,18,29,38,43,47,7
2-13-09,25,36,37,40,51,20
2-17-09,1,9,23,27,33,24
2-20-09,21,28,41,45,55,24
2-24-09,1,27,28,35,40,6
2-27-09,24,37,44,50,56,35
3-3-09,26,32,35,43,52,10
3-6-09,11,18,37,46,55,45
3-10-09,2,27,31,39,40,23
3-13-09,10,12,26,46,50,23
3-17-09,9,15,24,28,31,17
3-20-09,15,16,20,39,40,26
3-24-09,4,25,34,43,44,45
3-27-09,10,15,24,38,50,19
3-31-09,14,39,47,48,53,29
4-3-09,16,22,38,39,48,42
4-7-09,2,4,13,17,36,15
4-10-09,18,25,36,42,51,22
4-14-09,4,11,22,48,50,42
4-17-09,5,13,26,35,45,32
4-21-09,5,24,37,47,52,6
4-24-09,9,20,21,48,49,7
4-28-09,15,20,24,36,44,6
5-1-09,9,16,24,40,43,35
5-5-09,5,23,38,39,54,3
5-8-09,12,27,29,32,34,34
5-12-09,4,8,10,14,51,31
5-15-09,7,12,24,36,48,27
5-19-09,2,4,9,15,42,13
5-22-09,3,29,34,42,49,29
5-26-09,9,18,21,37,55,33
5-29-09,23,30,36,39,48,34
6-2-09,9,13,26,30,35,33
6-5-09,5,20,38,41,52,20
6-9-09,5,17,31,36,56,46
6-12-09,6,11,20,32,44,38
6-16-09,9,15,21,26,45,25
6-19-09,4,9,12,16,46,44
6-23-09,12,14,16,31,50,9
6-26-09,11,15,17,29,46,16
6-30-09,7,34,49,54,55,34
7-3-09,5,6,7,11,25,31
7-7-09,25,27,35,38,39,28
7-10-09,5,10,26,27,28,4
7-14-09,20,29,35,45,53,41
7-17-09,8,17,40,47,50,13
7-21-09,3,8,21,50,52,2
7-24-09,3,6,43,51,52,36
7-28-09,4,17,24,25,48,34
7-31-09,17,35,44,52,56,22
8-4-09,1,28,34,42,50,27
8-7-09,7,18,35,45,56,3
8-11-09,6,12,15,32,42,40
8-14-09,8,22,25,33,35,46
8-18-09,4,5,26,37,56,25
8-21-09,9,38,44,48,49,13
8-25-09,3,12,19,22,40,2
8-28-09,1,17,31,37,54,31
9-1-09,2,9,28,51,53,19
9-4-09,2,4,6,21,44,37
9-8-09,4,10,18,28,50,35
9-11-09,16,27,48,49,54,2
9-15-09,29,30,32,35,41,39
9-18-09,18,27,31,36,52,33
9-22-09,26,29,33,39,46,24
9-25-09,7,27,42,49,52,19
9-29-09,2,21,25,45,50,21
10-2-09,15,24,51,53,55,11
10-6-09,9,33,51,53,56,39
10-9-09,3,14,21,24,51,14
10-13-09,17,31,34,45,51,24
10-16-09,10,13,18,33,51,43
10-20-09,13,17,25,45,55,8
10-23-09,27,45,48,54,56,2
10-27-09,7,13,37,46,51,2
10-30-09,4,15,17,29,38,20
11-3-09,5,18,23,31,38,20
11-6-09,7,11,27,40,46,8
11-10-09,8,21,29,34,37,15
11-13-09,27,43,45,49,54,44
11-17-09,8,22,27,49,50,28
11-20-09,3,4,7,16,56,39
11-24-09,10,11,35,37,50,12
11-27-09,12,25,37,39,45,11
12-1-09,17,30,39,52,53,21
12-4-09,4,33,41,51,56,38
12-8-09,20,23,28,30,46,29
12-11-09,2,21,27,34,44,45
12-15-09,27,31,32,36,47,35
12-18-09,10,20,30,44,49,24
12-22-09,3,33,35,39,45,13
12-29-09,2,5,29,35,51,3
1-1-10,6,8,27,40,41,21
1-5-10,13,28,39,50,55,10
1-8-10,18,20,31,36,43,33
1-12-10,5,9,31,37,56,16
1-15-10,4,7,19,21,38,29
1-19-10,4,5,34,38,41,18
1-22-10,8,13,27,28,52,9
1-26-10,7,8,38,39,48,22
1-29-10,1,10,22,23,38,19
2-2-10,6,7,26,27,49,9
2-5-10,10,20,45,51,53,41
2-9-10,2,17,20,26,48,12
2-12-10,14,16,17,33,47,23
2-16-10,11,12,21,29,45,5
2-19-10,1,22,39,42,46,36
2-23-10,4,16,36,40,53,18
2-26-10,4,14,29,54,56,40
3-2-10,9,12,47,48,56,25
3-5-10,11,31,34,44,52,32
3-9-10,14,16,18,19,29,16
3-12-10,2,15,25,48,53,41
3-16-10,3,22,48,52,56,13
3-19-10,10,31,45,50,54,25
3-23-10,3,25,28,29,40,13
3-26-10,23,41,46,47,52,22
3-30-10,1,11,24,38,44,41
4-2-10,2,17,22,30,31,19
4-6-10,16,43,44,52,56,26
4-9-10,15,18,39,48,53,3
4-13-10,3,12,27,39,47,32
4-16-10,10,16,31,48,50,44
4-20-10,5,8,10,34,42,25
4-23-10,19,26,28,37,52,18
4-27-10,23,37,41,50,55,6
4-30-10,14,20,41,47,53,40
5-4-10,9,21,31,36,43,8
5-7-10,2,7,20,34,50,40
5-11-10,26,33,43,46,54,9
5-14-10,20,21,40,47,56,12
5-18-10,11,13,19,37,40,26
5-21-10,15,20,23,26,30,17
5-25-10,5,14,17,19,24,25
5-28-10,3,11,20,29,39,26
6-1-10,12,27,44,45,51,30
6-4-10,12,13,15,17,50,23
6-8-10,12,18,28,48,54,6
6-11-10,6,13,33,34,42,25
6-15-10,4,12,13,21,27,46
6-18-10,11,36,37,41,55,7
6-22-10,12,17,21,23,30,24
6-25-10,1,2,13,19,27,21
6-29-10,3,4,15,27,37,35
7-2-10,1,10,12,32,36,25
7-6-10,8,18,45,47,50,36
7-9-10,1,31,33,34,50,41
7-13-10,7,11,14,15,34,14
7-16-10,2,15,18,20,39,34
7-20-10,12,18,28,36,43,19
7-23-10,16,19,39,44,49,26
7-27-10,2,7,10,16,29,8
7-30-10,11,30,40,48,52,42
8-3-10,4,13,20,22,56,32
8-6-10,7,13,30,33,54,30
8-10-10,2,14,26,50,56,12
8-13-10,6,17,24,43,55,36
8-17-10,11,19,40,43,44,33
8-20-10,4,13,20,29,48,36
8-24-10,4,23,24,28,32,31
8-27-10,4,10,26,32,41,31
8-31-10,10,20,29,47,48,38
9-3-10,10,13,20,28,36,9
9-7-10,8,18,22,24,38,23
9-10-10,11,12,17,21,23,20
9-14-10,6,14,50,55,56,1
9-17-10,3,4,14,18,27,13
9-21-10,3,20,43,47,52,26
9-24-10,2,28,38,42,55,25
9-28-10,2,10,13,36,38,18
10-1-10,3,8,21,28,52,43
10-5-10,10,19,24,37,44,27
10-8-10,24,29,37,48,50,19
10-12-10,10,31,36,37,43,15
10-15-10,9,10,13,31,50,10
10-19-10,2,9,14,37,42,41
10-22-10,2,7,18,32,53,18
10-26-10,15,21,30,31,32,26
10-29-10,4,19,26,28,39,14
11-2-10,1,3,12,16,54,46
11-5-10,19,25,34,46,53,15
11-9-10,8,26,28,33,53,11
11-12-10,9,26,28,35,38,10
11-16-10,1,26,27,39,46,21
11-19-10,7,14,31,51,54,35
11-23-10,2,6,12,34,35,33
11-26-10,5,9,34,43,47,8
11-30-10,11,16,19,47,53,2
12-3-10,6,11,12,18,56,12
12-7-10,4,38,45,53,54,9
12-10-10,23,27,33,44,46,36
12-14-10,18,22,25,31,38,29
12-17-10,11,20,26,46,53,12
12-21-10,8,11,12,31,32,29
12-24-10,15,16,27,40,52,16
12-28-10,6,18,36,40,49,7
12-31-10,10,12,13,35,56,9
1-4-11,4,8,15,25,47,42
1-7-11,4,22,42,46,53,20
1-11-11,1,4,11,16,45,37
1-14-11,2,15,17,33,35,8
1-18-11,4,27,29,38,45,5
1-21-11,5,9,21,35,38,20
1-25-11,5,8,31,46,50,4
1-28-11,14,33,48,49,50,18
2-1-11,16,22,23,26,35,31
2-4-11,6,20,29,48,55,6
2-8-11,25,35,36,47,48,18
2-11-11,8,9,17,32,34,13
2-15-11,17,18,24,35,39,18
2-18-11,5,6,7,30,45,42
2-22-11,15,22,23,48,55,31
2-25-11,4,5,17,19,50,7
3-1-11,1,12,19,20,47,25
3-4-11,8,10,15,23,41,7
3-8-11,3,17,19,41,55,24
3-11-11,14,19,21,42,45,6
3-15-11,10,11,12,28,43,45
3-18-11,14,33,34,54,56,37
3-22-11,1,14,35,50,53,43
3-25-11,22,24,31,52,54,4
3-29-11,6,15,23,34,38,43
4-1-11,13,14,35,36,53,19
4-5-11,1,19,20,31,36,9
4-8-11,6,40,45,50,56,11
4-12-11,10,23,39,41,45,15
4-15-11,22,23,33,39,48,29
4-19-11,20,24,32,45,51,43
4-22-11,3,18,46,51,53,17
4-26-11,19,29,32,38,55,15
4-29-11,9,10,11,33,51,29
5-3-11,1,16,29,36,50,16
5-6-11,6,18,26,37,41,9
5-10-11,11,16,34,40,51,34
5-13-11,3,33,39,47,53,9
5-17-11,1,2,17,25,48,45
5-20-11,10,17,19,45,48,30
5-24-11,9,12,21,42,43,42
5-27-11,5,7,14,28,56,10
5-31-11,28,30,31,37,55,13
6-3-11,20,23,41,49,53,31
6-7-11,29,32,35,47,52,13
6-10-11,18,21,27,37,38,7
6-14-11,9,10,20,51,53,24
6-17-11,12,29,46,47,51,24
6-21-11,11,24,25,31,46,17
6-24-11,10,14,40,49,51,4
6-28-11,12,17,27,47,48,33
7-1-11,12,17,30,35,47,26
7-5-11,1,10,13,18,46,19
7-8-11,1,2,22,37,50,45
7-12-11,3,9,11,44,49,9
7-15-11,16,29,30,46,56,6
7-19-11,2,9,10,16,35,40
7-22-11,23,31,32,39,56,38
7-26-11,20,25,35,52,55,10
7-29-11,8,10,22,47,48,35
8-2-11,14,17,19,20,32,28
8-5-11,6,24,28,33,42,19
8-9-11,11,19,39,45,54,15
8-12-11,9,43,51,54,55,13
8-16-11,4,38,41,42,43,44
8-19-11,5,15,53,54,56,22
8-23-11,11,21,44,48,49,23
8-26-11,2,3,27,30,47,36
8-30-11,2,22,25,28,50,18
9-2-11,25,44,48,49,55,20
9-6-11,1,36,38,42,49,19
9-9-11,7,12,19,23,31,45
9-13-11,22,31,43,48,56,45
9-16-11,6,23,41,45,56,24
9-20-11,6,29,38,50,51,39
9-23-11,27,31,32,40,52,36
9-27-11,2,20,28,36,45,37
9-30-11,3,19,21,44,45,29
10-4-11,3,26,40,45,52,11
10-7-11,5,15,19,23,38,19
10-11-11,25,34,38,44,56,27
10-14-11,13,35,42,45,54,26
10-18-11,24,25,45,47,53,42
10-21-11,6,21,35,37,38,17
10-25-11,13,33,40,44,46,8
10-28-11,13,31,49,52,56,41
11-1-11,27,31,39,40,46,36
11-4-11,26,30,32,33,44,1
11-8-11,5,31,45,47,54,4
11-11-11,2,16,22,29,50,27
11-15-11,3,6,24,30,33,21
11-18-11,4,13,33,39,55,3
11-22-11,4,16,23,33,48,38
11-25-11,22,28,42,49,54,43
11-29-11,17,29,43,48,52,36
12-2-11,24,30,48,51,56,45
12-6-11,7,21,29,35,49,39
12-9-11,4,12,29,49,51,44
12-13-11,5,6,22,26,41,6
12-16-11,2,4,26,36,39,27
12-20-11,20,24,27,45,51,31
12-23-11,3,5,8,18,29,14
12-27-11,23,32,33,39,43,8
12-30-11,4,24,45,46,52,1
1-3-12,2,3,15,22,36,23
1-6-12,9,17,28,34,48,46
1-10-12,4,10,16,38,48,34
1-13-12,10,27,28,37,51,19
1-17-12,3,15,31,36,53,27
1-20-12,1,9,28,38,47,8
1-24-12,10,22,24,36,49,33
1-27-12,3,5,30,36,48,23
1-31-12,9,17,18,28,43,9
2-3-12,7,19,21,49,53,35
2-7-12,17,23,30,37,45,4
2-10-12,3,4,18,29,50,20
2-14-12,3,5,10,26,27,27
2-17-12,16,25,28,32,40,3
2-21-12,9,30,39,42,47,37
2-24-12,1,16,18,25,27,3
2-28-12,6,15,29,39,51,36
3-2-12,16,29,48,52,54,5
3-6-12,20,24,31,33,36,44
3-9-12,9,10,27,36,42,11
3-13-12,2,8,30,36,48,31
3-16-12,28,29,43,51,53,7
3-20-12,1,4,6,11,14,30
3-23-12,6,17,19,20,21,20
3-27-12,9,19,34,44,51,24
3-30-12,2,4,23,38,46,23
4-3-12,11,35,38,41,52,40
4-6-12,2,19,20,24,33,39
4-10-12,2,6,12,31,48,25
4-13-12,9,14,17,36,42,33
4-17-12,1,16,24,32,48,2
4-20-12,14,23,26,33,35,40
4-24-12,3,9,15,37,38,39
4-27-12,2,5,45,46,47,37
5-1-12,24,27,31,45,52,38
5-4-12,4,11,21,42,53,38
5-8-12,2,6,8,18,51,19
5-11-12,3,15,29,35,54,8
5-15-12,10,11,12,14,24,6
5-18-12,3,11,22,34,49,1
5-22-12,10,14,35,43,52,16
5-25-12,9,15,21,40,54,11
5-29-12,2,14,29,53,55,31
6-1-12,2,27,38,46,52,45
6-5-12,37,39,42,53,55,22
6-8-12,4,9,34,40,48,25
6-12-12,2,9,17,34,50,45
6-15-12,8,12,18,30,40,4
6-19-12,11,21,27,30,53,11
6-22-12,10,16,19,32,36,13
6-26-12,3,16,23,35,36,20
6-29-12,28,34,39,45,53,34
7-3-12,3,4,24,36,52,45
7-6-12,20,23,28,35,39,21
7-10-12,3,11,19,23,36,21
7-13-12,6,7,13,24,46,34
7-17-12,1,13,21,49,55,17
7-20-12,2,44,48,50,52,3
7-24-12,5,9,38,46,51,5
7-27-12,2,3,4,8,43,26
7-31-12,5,18,21,29,41,37
8-3-12,2,10,13,38,46,2
8-7-12,30,32,33,42,48,7
8-10-12,10,18,36,38,44,8
8-14-12,15,23,34,39,55,32
8-17-12,8,20,24,35,56,24
8-21-12,5,13,20,23,33,30
8-24-12,25,34,45,46,49,34
8-28-12,4,9,40,45,50,39
8-31-12,31,40,41,47,48,45
9-4-12,16,32,39,41,53,16
9-7-12,15,32,38,42,46,31
9-11-12,5,11,20,33,36,11
9-14-12,16,17,21,40,51,20
9-18-12,5,9,22,36,49,36
9-21-12,3,13,14,46,55,34
9-25-12,7,8,23,50,51,26
9-28-12,6,8,14,43,56,28
10-2-12,10,11,20,42,55,9
10-5-12,8,9,16,32,39,15
10-9-12,6,15,16,22,37,3
10-12-12,6,10,24,26,42,15
10-16-12,13,37,40,46,52,29
10-19-12,14,34,36,48,53,42
10-23-12,1,17,42,46,55,1
10-26-12,4,15,24,36,40,44
10-30-12,5,12,18,29,56,38
11-2-12,4,18,22,38,44,24
11-6-12,3,5,13,32,35,6
11-9-12,18,22,33,35,40,11
11-13-12,6,12,31,46,56,34
11-16-12,5,24,26,29,53,36
11-20-12,9,13,22,38,52,44
11-23-12,8,37,44,47,48,27
11-27-12,5,12,26,42,49,24
11-30-12,11,22,24,28,31,46
12-4-12,3,19,24,32,43,44
12-7-12,7,43,44,51,56,4
12-11-12,39,44,51,52,54,13
12-14-12,11,28,33,41,43,41
12-18-12,1,6,7,18,29,16
12-21-12,3,18,32,41,56,19
12-25-12,2,3,18,34,48,36
12-28-12,10,13,32,40,41,32
1-1-13,4,11,21,25,44,29
1-4-13,1,2,23,25,55,39
1-8-13,3,20,21,38,42,19
1-11-13,24,29,30,34,56,1
1-15-13,1,6,12,19,41,14
1-18-13,8,18,25,42,49,14
1-22-13,7,11,16,39,54,13
1-25-13,11,12,17,31,48,1
1-29-13,8,12,27,46,47,6
2-1-13,1,30,32,40,41,17
2-5-13,2,5,10,26,44,46
2-8-13,6,15,20,39,50,5
2-12-13,9,22,32,38,55,44
2-15-13,11,35,41,42,44,42
2-19-13,1,15,19,30,56,28
2-22-13,9,13,24,38,49,30
2-26-13,6,7,13,15,43,7
3-1-13,17,30,38,43,51,20
3-5-13,6,20,39,41,46,42
3-8-13,4,11,25,34,35,44
3-12-13,9,12,19,20,30,39
3-15-13,4,8,17,22,32,8
3-19-13,3,6,14,21,37,35
3-22-13,14,27,34,37,41,38
3-26-13,20,33,46,49,51,46
3-29-13,25,31,36,46,53,21
4-2-13,7,10,14,40,47,34
4-5-13,8,15,23,36,41,5
4-9-13,17,30,41,48,54,13
4-12-13,1,10,13,19,21,28
4-16-13,2,5,15,18,39,42
4-19-13,6,8,12,22,43,28
4-23-13,9,21,22,32,50,10
4-26-13,17,42,49,54,55,31
4-30-13,21,30,34,39,49,43
5-3-13,2,20,34,42,54,39
5-7-13,1,6,13,20,51,31
5-10-13,1,19,20,39,49,28
5-14-13,6,10,12,28,32,38
5-17-13,11,15,35,43,49,41
5-21-13,2,15,17,48,55,11
5-24-13,4,5,16,18,53,28
5-28-13,4,12,25,32,54,36
5-31-13,2,20,26,44,46,26
6-4-13,10,11,12,20,55,19
6-7-13,1,10,37,48,55,21
6-11-13,15,40,45,50,53,28
6-14-13,2,5,31,33,34,20
6-18-13,6,17,34,40,48,30
6-21-13,3,14,17,40,50,3
6-25-13,3,5,28,33,51,16
6-28-13,8,15,35,46,52,38
7-2-13,36,42,51,52,53,40
7-5-13,2,23,41,47,54,42
7-9-13,3,21,43,45,48,14
7-12-13,4,5,25,27,51,10
7-16-13,10,14,21,40,53,20
7-19-13,16,20,24,39,42,46
7-23-13,25,32,35,50,51,46
7-26-13,4,22,23,27,38,42
7-30-13,25,27,36,42,44,39
8-2-13,8,21,23,25,39,4
8-6-13,1,11,16,51,55,41
8-9-13,11,20,30,34,38,12
8-13-13,2,31,32,37,41,40
8-16-13,7,13,26,36,46,37
8-20-13,13,28,35,38,41,33
8-23-13,1,9,17,20,53,14
8-27-13,4,7,30,36,38,38
8-30-13,6,19,24,43,44,33
9-3-13,4,13,14,28,41,28
9-6-13,2,16,17,22,41,31
9-10-13,2,12,18,54,56,1
9-13-13,9,22,28,48,54,8
9-17-13,6,15,27,31,39,25
9-20-13,1,15,20,21,47,34
9-24-13,4,11,32,39,40,33
9-27-13,9,23,27,49,51,38
10-1-13,7,10,30,37,53,1
10-4-13,4,16,24,25,44,5
10-8-13,6,15,19,23,40,5
10-11-13,3,27,37,45,48,46
10-15-13,4,23,30,43,50,11
10-22-13,2,3,19,52,71,14
10-25-13,6,16,45,54,60,15
10-29-13,20,33,50,53,54,7
11-1-13,32,35,49,62,67,1
11-5-13,2,11,42,64,74,2
11-8-13,41,42,51,57,65,7
11-12-13,20,30,32,42,71,15
11-15-13,25,44,49,54,63,8
11-19-13,14,15,29,49,63,2
11-22-13,17,23,35,36,44,8
11-26-13,27,44,59,74,75,3
11-29-13,9,41,43,47,57,5
12-3-13,7,12,41,44,59,3
12-6-13,11,29,44,63,64,3
12-10-13,5,12,22,41,65,13
12-13-13,19,24,26,27,70,12
12-17-13,8,14,17,20,39,7
12-20-13,3,4,31,49,57,6
12-24-13,23,34,53,58,73,2
12-27-13,4,15,35,48,49,11
12-31-13,8,12,34,52,58,8
1-3-14,22,24,25,40,70,5
1-7-14,13,34,56,62,64,6
1-10-14,8,28,36,37,57,8
1-14-14,4,23,26,62,69,13
1-17-14,1,10,26,31,51,11
1-21-14,8,23,33,45,52,4
1-24-14,22,45,46,47,65,10
1-28-14,7,16,28,53,60,2
1-31-14,3,9,13,47,52,8
2-4-14,25,44,49,60,73,9
2-7-14,11,21,23,35,64,10
2-11-14,43,64,67,71,73,4
2-14-14,20,28,35,71,72,7
2-18-14,23,29,31,37,70,14
2-21-14,23,29,32,45,46,15
2-25-14,12,18,25,35,66,15
2-28-14,3,31,50,58,59,6
3-4-14,10,29,31,35,45,10
3-7-14,11,13,51,57,69,1
3-11-14,9,14,56,57,69,10
3-14-14,7,20,40,54,69,12
3-18-14,11,19,24,33,51,7
3-21-14,2,23,30,35,53,10
3-25-14,19,26,51,57,73,15
3-28-14,2,3,9,50,73,12
4-1-14,10,23,68,74,75,9
4-4-14,1,10,15,41,54,9
4-8-14,35,36,41,60,71,3
4-11-14,3,42,44,47,57,8
4-15-14,4,39,46,47,70,13
4-18-14,18,25,38,45,63,9
4-22-14,2,18,19,49,50,1
4-25-14,3,11,18,20,66,9
4-29-14,7,43,59,61,66,3
5-2-14,1,18,26,35,40,13
5-6-14,18,20,27,48,51,5
5-9-14,10,28,39,51,59,14
5-13-14,37,46,48,70,74,1
5-16-14,13,14,16,50,56,11
5-20-14,10,40,63,64,69,7
5-23-14,12,14,21,38,70,15
5-27-14,1,6,10,46,58,13
5-30-14,10,13,42,43,62,2
6-3-14,19,28,62,66,74,6
6-6-14,12,29,37,49,72,9
6-10-14,2,10,24,26,74,7
6-13-14,7,38,46,49,56,1
6-17-14,10,14,24,47,60,3
6-20-14,1,22,25,29,56,3
6-24-14,13,17,24,47,65,10
6-27-14,15,29,31,46,64,10
7-1-14,9,22,38,47,49,15
7-4-14,16,33,39,58,69,2
7-8-14,14,25,27,48,49,9
7-11-14,9,13,30,35,69,10
7-15-14,2,4,17,36,40,5
7-18-14,5,8,59,65,72,3
7-22-14,14,18,22,31,47,15
7-25-14,22,29,33,41,68,12
7-29-14,2,8,16,43,74,1
8-1-14,13,29,34,37,72,6
8-5-14,25,28,36,45,53,6
8-8-14,9,16,61,70,75,7
8-12-14,32,53,60,63,68,6
8-15-14,16,19,28,29,68,9
8-19-14,22,39,56,67,71,15
8-22-14,5,31,34,41,74,3
8-26-14,29,31,51,60,64,1
8-29-14,3,26,45,58,73,12
9-2-14,1,8,54,69,72,1
9-5-14,7,12,20,24,59,7
9-9-14,25,34,55,70,71,1
9-12-14,18,28,33,36,42,7
9-16-14,25,45,51,53,73,2
9-19-14,16,25,27,29,34,2
9-23-14,21,24,25,40,43,12
9-26-14,17,26,35,46,62,9
9-30-14,3,16,52,54,61,6
10-3-14,3,20,34,58,67,6
10-7-14,16,29,46,48,55,2
10-10-14,2,32,35,50,59,3
10-14-14,11,37,46,64,68,15
10-17-14,21,31,43,56,60,12
10-21-14,5,35,37,41,66,11
10-24-14,2,14,21,28,55,3
10-28-14,3,50,57,58,60,11
10-31-14,11,29,36,58,67,15
11-4-14,9,15,24,39,41,1
11-7-14,31,35,41,65,66,5
11-11-14,23,25,28,30,75,11
11-14-14,3,49,61,62,68,15
11-18-14,37,39,53,68,75,6
11-21-14,3,12,35,37,63,15
11-25-14,10,11,29,47,56,4
11-28-14,8,26,29,36,47,10
12-2-14,13,18,22,49,62,11
12-5-14,4,5,11,51,59,5
12-9-14,27,45,49,51,52,14
12-12-14,2,31,46,58,65,7
12-16-14,41,58,68,72,73,1
12-19-14,14,18,58,59,68,4
12-23-14,4,10,31,56,66,7
12-26-14,2,5,10,20,38,14
12-30-14,3,7,44,63,67,12
1-2-15,13,15,35,62,74,12
1-6-15,12,20,27,38,75,4
1-9-15,37,49,50,56,57,8
1-13-15,12,20,25,50,51,7
1-16-15,26,32,44,45,58,11
1-20-15,31,35,56,59,63,6
1-23-15,14,15,32,68,72,8
1-27-15,5,26,27,44,57,7
1-30-15,18,31,39,45,55,6
2-3-15,11,22,25,58,69,13
2-6-15,5,6,17,33,68,13
2-10-15,7,42,53,58,71,15
2-13-15,4,20,44,65,74,14
2-17-15,6,45,50,65,66,1
2-20-15,2,6,8,52,66,13
2-24-15,15,23,26,45,66,4
2-27-15,7,49,53,60,64,4
3-3-15,9,11,42,44,50,3
3-6-15,30,48,55,68,73,5
3-10-15,10,14,19,30,73,14
3-13-15,8,22,30,42,45,3
3-17-15,11,27,44,45,58,3
3-20-15,7,50,54,61,75,7
3-24-15,2,23,32,45,55,12
3-27-15,17,21,36,58,70,3
3-31-15,8,26,41,61,73,11
4-3-15,10,36,47,63,74,2
4-7-15,5,15,22,26,64,6
4-10-15,6,11,32,46,68,9
4-14-15,3,7,25,68,71,3
4-17-15,15,18,29,41,50,5
4-21-15,31,33,35,41,69,11
4-24-15,24,25,29,47,67,4
4-28-15,22,27,55,58,63,11
5-1-15,17,18,61,66,74,3
5-5-15,11,21,42,62,71,7
5-8-15,9,21,25,66,72,7
5-12-15,14,30,33,36,44,2
5-15-15,11,17,21,36,74,15
5-19-15,10,12,21,29,65,10
5-22-15,3,14,15,25,48,8
5-26-15,1,39,52,69,72,12
5-29-15,20,27,38,49,66,2
6-2-15,2,9,11,22,23,12
6-5-15,7,22,27,41,49,10
6-9-15,6,16,17,25,36,7
6-12-15,1,40,42,56,62,2
6-16-15,8,19,26,56,67,14
6-19-15,4,35,36,52,68,8
6-23-15,6,13,38,56,70,2
6-26-15,12,23,33,47,50,3
6-30-15,11,17,34,43,50,15
7-3-15,33,50,64,71,72,9
7-7-15,6,15,16,28,49,14
7-10-15,24,27,45,51,54,8
7-14-15,19,24,30,35,72,5
7-17-15,6,17,30,31,41,15
7-21-15,20,30,62,65,74,1
7-24-15,10,12,26,60,62,13
7-28-15,8,35,61,68,75,15
7-31-15,28,32,33,40,46,10
8-4-15,2,19,44,51,57,14
8-7-15,1,38,53,63,66,10
8-11-15,3,8,29,57,68,8
8-14-15,12,15,20,52,71,3
8-18-15,2,7,33,39,53,9
8-21-15,13,15,21,41,72,1
8-25-15,5,44,54,59,63,1
8-28-15,13,35,40,60,68,9
9-1-15,2,5,35,40,54,13
9-4-15,17,21,39,52,57,5
9-8-15,19,20,36,41,46,7
9-11-15,5,11,31,50,67,14
9-15-15,7,20,35,49,56,9
9-18-15,17,34,35,51,65,7
9-22-15,28,30,38,45,51,8
9-25-15,3,8,38,51,64,4
9-29-15,8,21,30,61,62,9
10-2-15,4,14,29,31,47,9
10-6-15,17,58,63,64,66,13
10-9-15,8,9,21,63,75,14
10-13-15,7,9,24,38,52,1
10-16-15,2,38,48,61,68,4
10-20-15,6,25,35,38,52,4
10-23-15,25,32,37,45,70,1
10-27-15,9,26,27,29,74,4
10-30-15,17,41,51,53,56,15
11-3-15,16,29,44,69,74,12
11-6-15,10,31,35,50,72,8
11-10-15,8,17,20,45,71,4
11-13-15,17,18,31,35,59,9
11-17-15,12,14,18,24,61,10
11-20-15,9,12,29,37,67,15
11-24-15,2,19,30,38,70,8
11-27-15,16,20,39,56,59,12
12-1-15,5,7,25,50,59,12
12-4-15,26,42,47,61,73,6
12-8-15,7,17,37,49,73,15
12-11-15,14,20,43,54,69,5
12-15-15,18,25,47,51,61,5
12-18-15,6,23,24,28,62,7
12-22-15,11,21,40,50,70,15
12-25-15,15,25,29,44,51,4
12-29-15,20,25,55,62,74,7
1-1-16,7,18,37,38,39,9
1-5-16,1,4,36,48,57,13
1-8-16,11,39,51,57,75,2
1-12-16,15,27,29,31,48,15
1-15-16,29,41,53,54,70,12
1-19-16,2,17,31,39,47,9
1-22-16,21,25,40,46,56,3
1-26-16,14,27,39,50,69,2
1-29-16,20,28,49,51,52,6
2-2-16,7,13,25,51,70,9
2-5-16,4,6,23,55,75,2
2-9-16,3,42,46,56,71,13
2-12-16,1,7,44,68,73,1
2-16-16,9,31,33,46,64,4
2-19-16,2,27,41,50,75,4
2-23-16,16,32,39,53,57,10
2-26-16,3,15,19,62,74,14
3-1-16,1,29,33,34,55,6
3-4-16,21,26,33,48,73,14
3-8-16,27,37,54,66,69,5
3-11-16,14,18,48,54,71,13
3-15-16,18,26,30,44,68,7
3-18-16,5,8,57,59,73,13
3-22-16,6,19,34,38,70,5
3-25-16,4,11,12,35,46,12
3-29-16,33,38,40,46,49,15
4-1-16,25,28,33,41,69,6
4-5-16,13,45,52,53,57,10
4-8-16,31,38,52,65,71,15
4-12-16,7,11,59,62,63,3
4-15-16,9,10,34,37,73,9
4-19-16,9,28,40,57,65,2
4-22-16,2,19,21,42,60,13
4-26-16,14,16,17,28,48,2
4-29-16,5,6,37,55,74,10
5-3-16,28,29,33,36,45,15
5-6-16,14,26,27,32,36,7
5-10-16,12,22,46,56,74,4
5-13-16,20,21,38,54,66,7
5-17-16,17,24,27,48,75,6
5-20-16,19,24,26,40,68,8
5-24-16,11,50,51,70,75,15
5-27-16,18,41,50,68,70,9
5-31-16,9,31,34,41,49,8
6-3-16,32,54,65,66,71,10
6-7-16,25,48,51,65,72,4
6-10-16,34,61,66,67,68,7
6-14-16,36,37,38,52,62,6
6-17-16,20,23,30,44,59,9
6-21-16,6,13,21,49,50,10
6-24-16,11,14,54,57,63,11
6-28-16,15,17,20,35,55,7
7-1-16,20,41,42,45,49,14
7-5-16,29,46,53,64,73,10
7-8-16,8,19,20,55,73,5
7-12-16,6,8,22,46,68,4
7-15-16,16,51,52,56,58,4
7-19-16,3,34,54,65,66,4
7-22-16,8,24,25,26,30,7
7-26-16,1,4,31,36,54,9
7-29-16,11,16,19,31,48,4
8-2-16,3,12,36,54,70,12
8-5-16,5,18,28,54,74,6
8-9-16,12,19,20,44,66,1
8-12-16,4,41,44,56,69,10
8-16-16,2,43,52,62,63,6
8-19-16,22,37,45,65,73,13
8-23-16,2,7,46,61,66,1
8-26-16,10,11,31,41,44,14
8-30-16,28,32,41,51,71,11
9-2-16,22,28,41,46,60,3
9-6-16,25,37,58,69,75,8
9-9-16,1,34,43,44,63,11
9-13-16,6,15,17,39,56,15
9-16-16,13,21,28,34,40,15
9-20-16,2,22,34,62,72,2
9-23-16,1,5,8,25,62,14
9-27-16,14,16,26,53,72,4
9-30-16,21,30,47,50,57,9
10-4-16,18,29,30,54,66,1
10-7-16,24,37,42,50,65,14
10-11-16,36,39,42,45,48,3
10-14-16,7,27,60,64,74,5
10-18-16,7,24,28,65,74,1
10-21-16,12,43,44,48,66,3
10-25-16,8,9,24,49,67,13
10-28-16,7,38,46,57,66,2
11-1-16,19,24,31,39,45,13
11-4-16,10,29,32,44,46,10
11-8-16,46,48,53,61,74,12
11-11-16,16,40,47,53,59,11
11-15-16,9,17,23,57,71,6
11-18-16,31,32,49,55,58,15
11-22-16,1,43,45,66,69,7
11-25-16,44,47,49,69,75,10
11-29-16,22,33,49,51,59,8
12-2-16,3,33,35,49,51,1
12-6-16,13,34,48,53,63,12
12-9-16,19,27,47,67,68,1
12-13-16,2,15,26,34,41,14
12-16-16,1,8,15,36,43,6
12-20-16,1,12,14,48,65,2
12-23-16,21,30,39,60,69,15
12-27-16,2,28,30,38,39,11
12-30-16,6,21,33,39,43,2
1-3-17,14,16,23,49,53,12
1-6-17,6,10,44,47,54,6
1-10-17,11,20,40,41,59,15
1-13-17,10,44,58,74,75,11
1-17-17,20,31,54,56,59,3
1-20-17,7,9,24,41,53,14
1-24-17,8,42,54,63,67,11
1-27-17,17,37,53,54,61,8
1-31-17,3,14,27,62,72,4
2-3-17,3,6,29,30,64,3
2-7-17,23,28,37,56,71,12
2-10-17,32,39,51,62,75,14
2-14-17,7,11,33,60,68,15
2-17-17,4,56,58,67,75,8
2-21-17,9,21,30,32,75,9
2-24-17,12,29,33,42,68,14
2-28-17,20,33,45,58,69,4
3-3-17,14,26,39,48,51,9
3-7-17,3,30,45,53,68,11
3-10-17,26,38,42,58,70,5
3-14-17,16,23,28,33,59,13
3-17-17,11,27,31,58,60,10
3-21-17,4,45,53,73,75,7
3-24-17,5,28,37,61,69,1
3-28-17,30,33,35,37,46,10
3-31-17,17,24,27,32,58,10
4-4-17,13,24,34,35,55,9
4-7-17,30,33,43,47,69,15
4-11-17,19,34,35,38,49,8
4-14-17,5,10,55,60,73,12
4-18-17,8,29,30,43,64,6
4-21-17,1,12,13,32,34,10
4-25-17,3,13,33,40,50,2
4-28-17,6,13,18,20,31,13
5-2-17,5,14,42,43,58,1
5-5-17,4,23,33,47,53,7
5-9-17,6,29,45,69,73,11
5-12-17,28,34,41,42,47,13
5-16-17,4,35,39,56,72,11
5-19-17,1,4,5,24,30,1
5-23-17,6,13,17,33,60,14
5-26-17,25,26,28,37,56,5
5-30-17,5,20,32,37,67,5
6-2-17,7,42,57,69,72,10
6-6-17,3,5,16,49,75,5
6-9-17,3,16,28,33,37,9
6-13-17,27,51,62,68,75,8
6-16-17,18,22,26,30,44,9
6-20-17,2,15,41,49,63,3
6-23-17,12,20,53,66,74,11
6-27-17,4,21,45,52,57,14
6-30-17,10,38,51,55,64,6
7-4-17,16,39,47,53,71,15
7-7-17,2,9,11,28,60,10
7-11-17,7,18,24,55,74,10
7-14-17,11,12,24,32,73,1
7-18-17,8,12,23,51,73,6
7-21-17,18,31,36,50,74,10
7-25-17,2,5,26,58,60,6
7-28-17,4,6,31,49,52,11
8-1-17,20,22,52,57,73,7
8-4-17,9,17,25,63,71,4
8-8-17,11,17,50,52,74,14
8-11-17,23,33,53,56,58,6
8-15-17,7,16,20,66,73,7
8-18-17,1,31,34,40,75,6
8-22-17,24,35,46,50,51,7
8-25-17,17,38,42,51,65,11
8-29-17,2,13,17,35,73,3
9-1-17,4,13,31,50,64,12
9-5-17,11,17,59,70,72,1
9-8-17,4,5,14,26,73,14
9-12-17,26,37,41,54,65,3
9-15-17,18,24,34,38,58,3
9-19-17,9,28,31,50,61,10
9-22-17,5,39,54,63,66,15
9-26-17,1,10,57,66,75,4
9-29-17,25,51,62,73,74,7
10-3-17,12,18,19,25,67,7
10-6-17,21,33,36,45,56,12
10-10-17,7,16,24,61,62,2
10-13-17,2,7,18,26,31,12
10-17-17,31,45,49,56,70,11
10-20-17,6,23,63,66,73,9
10-24-17,20,24,34,56,64,6
10-27-17,17,27,41,51,52,13
10-31-17,6,28,31,52,53,12
11-3-17,10,22,42,61,69,3
11-7-17,1,54,60,68,69,11
11-10-17,6,23,38,42,58,24
11-14-17,1,14,21,22,28,19
11-17-17,3,26,55,58,70,15
11-21-17,3,7,22,27,50,3
11-24-17,16,36,54,61,64,22
11-28-17,10,17,47,51,61,5
12-1-17,16,22,40,41,59,8
12-5-17,14,15,37,42,67,22
12-8-17,6,37,46,60,70,24
12-12-17,8,23,24,25,27,9
12-15-17,4,12,36,44,57,19
12-19-17,28,37,39,42,58,2
12-22-17,1,20,30,33,42,16
12-26-17,10,12,20,38,41,25
12-29-17,4,10,18,28,62,7
1-2-18,1,42,47,64,70,22
1-5-18,28,30,39,59,70,10
1-9-18,16,29,31,65,67,23
1-12-18,17,18,33,46,60,24
1-16-18,3,11,23,29,59,18
1-19-18,3,17,23,49,66,23
1-23-18,2,6,30,31,55,7
1-26-18,10,16,27,38,43,1
1-30-18,29,41,42,49,57,24
2-2-18,1,4,14,17,40,4
2-6-18,14,17,25,48,58,25
2-9-18,28,34,41,46,47,14
2-13-18,5,12,15,46,49,1
2-16-18,14,38,48,53,58,16
2-20-18,17,19,23,24,43,14
2-23-18,7,11,13,19,58,9
2-27-18,10,17,21,38,43,23
3-2-18,24,28,42,60,64,8
3-6-18,1,4,26,35,39,22
3-9-18,7,17,18,46,66,22
3-13-18,6,30,58,60,61,17
3-16-18,1,13,26,33,52,11
3-20-18,14,38,51,64,70,9
3-23-18,4,8,23,53,59,17
3-27-18,7,25,43,56,59,13
3-30-18,11,28,31,46,59,1
4-3-18,4,29,39,42,62,14
4-6-18,16,33,51,54,67,20
4-10-18,5,13,31,43,53,20
4-13-18,8,9,32,42,59,10
4-17-18,12,34,44,47,65,22
4-20-18,1,15,18,32,45,4
4-24-18,3,19,31,32,48,10
4-27-18,2,29,38,63,66,11
5-1-18,2,7,20,55,70,1
5-4-18,4,5,10,12,18,21
5-8-18,8,15,39,64,67,13
5-11-18,14,38,40,53,70,22
5-15-18,21,34,44,49,61,21
5-18-18,9,26,53,64,66,11
5-22-18,16,17,21,36,48,9
5-25-18,11,14,51,64,68,25
5-29-18,2,11,55,58,67,2
6-1-18,5,24,52,62,66,17
6-5-18,22,33,41,48,52,4
6-8-18,14,30,33,44,56,13
6-12-18,1,3,5,8,70,3
6-15-18,1,11,37,47,51,6
6-19-18,11,13,28,65,70,14
6-22-18,2,6,11,27,44,20
6-26-18,17,25,29,39,60,19
6-29-18,2,32,47,49,68,23
7-3-18,13,35,45,49,68,23
7-6-18,2,10,46,50,56,16
7-10-18,1,17,28,56,70,14
7-13-18,21,22,39,59,68,2
7-17-18,40,41,61,66,67,12
7-20-18,1,14,30,44,62,1
7-24-18,1,2,4,19,29,20
7-27-18,1,32,40,49,63,20
7-31-18,12,15,35,64,69,9
8-3-18,9,28,30,54,60,2
8-7-18,2,13,15,21,62,2
8-10-18,1,3,12,22,42,6
8-14-18,11,26,44,45,46,11
8-17-18,1,31,32,47,56,3
8-21-18,14,16,19,38,57,11
8-24-18,1,6,13,18,49,8
8-28-18,3,20,33,34,41,20
8-31-18,7,18,29,32,45,17
9-4-18,2,7,25,35,44,3
9-7-18,8,10,41,54,68,10
9-11-18,15,30,51,62,67,19
9-14-18,23,30,40,43,66,13
9-18-18,31,32,43,63,68,17
9-21-18,1,2,11,52,64,9
9-25-18,8,16,32,48,61,12
9-28-18,39,45,52,56,59,15
10-2-18,2,22,29,31,34,1
10-5-18,27,28,32,41,69,12
10-9-18,20,22,39,54,60,18
10-12-18,4,24,46,61,70,7
10-16-18,3,45,49,61,69,9
10-19-18,15,23,53,65,70,7
10-23-18,5,28,62,65,70,5
10-26-18,1,28,61,62,63,5
10-30-18,20,31,39,46,49,23
11-2-18,3,23,28,46,62,16
11-6-18,28,34,37,56,69,12
11-9-18,8,14,27,57,67,5
11-13-18,34,46,57,65,69,11
11-16-18,33,36,63,68,69,16
11-20-18,10,16,31,42,66,10
11-23-18,7,10,30,33,59,23
11-27-18,12,24,37,42,57,18
11-30-18,25,28,40,43,63,19
12-4-18,28,31,41,42,50,4
12-7-18,4,10,20,33,57,13
12-11-18,4,38,39,54,59,12
12-14-18,5,22,26,43,49,23
12-18-18,13,22,32,60,69,9
12-21-18,10,13,61,62,70,5
12-25-18,2,8,42,43,50,6
12-28-18,9,10,25,37,38,21
1-1-19,34,44,57,62,70,14
1-4-19,21,29,35,54,60,15
1-8-19,13,26,29,38,64,5
1-11-19,4,5,31,62,69,20
1-15-19,29,52,58,60,62,7
1-18-19,2,43,48,62,64,24
1-22-19,4,15,37,59,64,16
1-25-19,8,16,30,38,61,10
1-29-19,10,33,53,54,62,22
2-1-19,2,37,48,66,68,11
2-5-19,3,34,36,59,66,7
2-8-19,14,24,31,42,48,13
2-12-19,15,32,39,50,65,7
2-15-19,10,38,40,43,65,12
2-19-19,17,24,34,56,65,3
2-22-19,18,24,31,34,55,4
2-26-19,10,12,14,24,60,20
3-1-19,29,33,39,60,66,21
3-5-19,15,20,32,37,52,6
3-8-19,4,9,42,62,68,7
3-12-19,10,12,16,49,57,18
3-15-19,3,29,56,62,64,4
3-19-19,10,42,53,67,68,15
3-22-19,7,36,58,60,62,10
3-26-19,4,14,22,43,58,9
3-29-19,5,14,15,62,66,3
4-2-19,33,47,58,59,64,25
4-5-19,8,22,24,38,64,21
4-9-19,11,22,34,44,58,9
4-12-19,1,24,25,40,70,4
4-16-19,11,29,34,48,54,10
4-19-19,18,25,43,44,57,25
4-23-19,7,24,30,48,67,9
4-26-19,9,17,23,30,46,10
4-30-19,24,37,41,61,70,20
5-3-19,8,16,22,66,68,11
5-7-19,3,6,34,54,63,19
5-10-19,3,16,21,61,62,19
5-14-19,11,59,66,67,68,18
5-17-19,5,17,28,32,63,11
5-21-19,10,50,55,56,58,15
5-24-19,14,41,44,56,62,10
5-28-19,9,21,34,42,50,21
5-31-19,7,8,26,65,67,4
6-4-19,25,37,46,48,68,25
6-7-19,17,19,27,40,68,2
6-11-19,20,34,39,43,57,13
6-14-19,19,40,47,57,65,6
6-18-19,12,14,22,24,48,21
6-21-19,13,30,36,48,62,18
6-25-19,24,33,45,47,61,17
6-28-19,2,35,49,53,63,1
7-2-19,3,25,37,40,55,13
7-5-19,6,38,47,57,63,12
7-9-19,12,26,40,48,64,1
7-12-19,8,25,38,56,59,7
7-16-19,8,16,31,48,52,23
7-19-19,16,18,28,33,67,14
7-23-19,1,4,23,40,45,11
7-26-19,4,6,11,43,48,11
7-30-19,10,24,28,33,38,6
8-2-19,11,20,26,48,70,19
8-6-19,11,17,31,43,55,16
8-9-19,15,53,56,59,63,1
8-13-19,7,27,31,34,51,5
8-16-19,4,14,24,26,46,14
8-20-19,8,14,25,51,63,4
8-23-19,11,15,37,54,68,21
8-27-19,8,12,23,39,43,6
8-30-19,3,9,11,34,39,10
9-3-19,13,20,27,61,62,5
9-6-19,4,11,13,19,31,10
9-10-19,34,47,48,50,55,24
9-13-19,6,16,37,59,62,5
9-17-19,12,15,30,50,65,1
9-20-19,23,24,42,48,53,22
9-24-19,6,14,24,42,46,9
9-27-19,12,20,31,43,45,20
10-1-19,10,17,39,42,59,3
10-4-19,11,38,44,48,70,17
10-8-19,5,8,10,17,48,23
10-11-19,14,22,30,37,60,8
10-15-19,4,12,14,35,70,2
10-18-19,18,58,60,65,67,20
10-22-19,5,11,14,23,25,10
10-25-19,16,24,25,52,60,6
10-29-19,4,9,17,27,39,22
11-1-19,9,20,36,41,54,22
11-5-19,2,9,24,49,54,19
11-8-19,3,4,10,39,58,14
11-12-19,19,30,44,56,65,24
11-15-19,12,19,34,35,68,20
11-19-19,22,43,44,47,66,22
11-22-19,7,12,17,49,53,24
11-26-19,8,27,29,38,43,13
11-29-19,6,8,31,50,65,9
12-3-19,23,43,60,63,69,19
12-6-19,20,31,40,46,61,20
12-10-19,18,31,46,54,61,25
12-13-19,17,21,29,39,56,22
12-17-19,22,30,53,55,56,16
12-20-19,3,20,23,35,60,16
12-24-19,27,37,48,63,66,11
12-27-19,17,34,40,63,64,24
12-31-19,30,44,49,53,56,11
1-3-20,37,41,42,53,63,16
1-7-20,25,40,41,52,56,21
1-10-20,17,27,49,51,66,2
1-14-20,9,11,13,31,47,11
1-17-20,3,25,30,54,70,9
1-21-20,16,18,29,31,37,8
1-24-20,3,4,18,23,38,24
1-28-20,17,36,47,51,62,21
1-31-20,28,31,33,57,62,19
2-4-20,32,48,50,51,64,10
2-7-20,9,14,27,36,52,4
2-11-20,4,6,32,52,64,6
2-14-20,10,32,48,54,55,18
2-18-20,6,12,39,61,70,4
2-21-20,4,7,13,16,60,6
2-25-20,2,9,43,49,63,15
2-28-20,2,3,14,41,64,17
3-3-20,8,12,33,56,64,2
3-6-20,15,48,56,58,70,4
3-10-20,6,17,48,54,69,12
3-13-20,7,22,37,43,44,22
3-17-20,20,27,28,58,59,25
3-20-20,34,35,41,45,54,5
3-24-20,2,8,16,18,31,14
3-27-20,3,25,28,50,60,1
3-31-20,8,17,51,57,70,2
4-3-20,24,38,44,57,58,17
4-7-20,25,33,43,51,68,20
4-10-20,2,11,21,57,60,13
4-14-20,29,47,65,69,70,7
4-17-20,13,35,39,46,55,14
4-21-20,13,15,24,67,70,17
4-24-20,1,27,32,60,67,18
4-28-20,13,19,53,54,63,17
5-1-20,28,30,31,35,66,14
5-5-20,7,13,17,21,45,14
5-8-20,5,20,22,61,70,4
5-12-20,7,16,27,44,52,5
5-15-20,11,17,32,33,46,25
5-19-20,8,19,25,36,66,9
5-22-20,8,10,20,44,46,18
5-26-20,34,52,58,59,62,4
5-29-20,10,13,32,41,51,3
6-2-20,9,20,23,26,29,8
6-5-20,32,35,37,47,55,22
6-9-20,1,5,9,10,23,22
6-12-20,9,14,57,67,70,2
6-16-20,21,23,33,35,42,6
6-19-20,11,34,36,52,66,7
6-23-20,6,20,37,40,48,15
6-26-20,19,33,37,56,57,6
6-30-20,9,16,29,37,53,11
7-3-20,20,40,44,45,50,24
7-7-20,16,20,25,30,43,18
7-10-20,10,15,20,49,53,22
7-14-20,6,26,55,56,64,22
7-17-20,12,13,21,46,57,21
7-21-20,14,25,26,41,43,15
7-24-20,8,33,39,54,58,17
7-28-20,17,20,27,31,34,19
7-31-20,12,35,46,48,69,23
8-4-20,2,22,30,42,62,20
8-7-20,4,44,53,64,70,3
8-11-20,8,22,29,43,56,9
8-14-20,3,24,29,42,47,13
8-18-20,4,18,26,27,58,23
8-21-20,11,15,31,42,63,14
8-25-20,8,10,15,17,57,12
8-28-20,3,9,50,53,64,1
9-1-20,15,25,26,38,47,22
9-4-20,19,22,24,28,53,25
9-8-20,7,10,15,31,57,21
9-11-20,3,15,42,48,56,13
9-15-20,25,28,38,59,62,22
9-18-20,26,29,41,52,64,11
9-22-20,36,43,44,55,68,12
9-25-20,20,36,37,48,67,16
9-29-20,14,39,43,44,67,19
10-2-20,9,38,47,49,68,25
10-6-20,15,16,18,39,59,17
10-9-20,5,11,25,27,64,13
10-13-20,11,44,45,46,70,25
10-16-20,27,32,50,52,57,12
10-20-20,46,54,57,58,66,10
10-23-20,18,34,44,60,69,22
10-27-20,6,13,34,46,62,1
10-30-20,14,19,34,39,59,11
11-3-20,7,31,44,45,55,19
11-6-20,18,24,27,34,60,2
11-10-20,23,45,53,58,62,13
11-13-20,6,7,14,28,59,7
11-17-20,8,13,35,46,68,16
11-20-20,26,33,45,61,68,17
11-24-20,9,15,34,61,64,6
11-27-20,4,10,27,35,58,10
12-1-20,7,33,53,61,65,14
12-4-20,3,19,24,44,50,8
12-8-20,15,19,33,39,68,25
12-11-20,19,31,37,55,67,25
12-15-20,1,10,18,20,46,15
12-18-20,7,15,25,51,60,5
12-22-20,29,53,56,59,67,21
12-25-20,17,23,36,69,70,19
12-29-20,1,31,35,48,62,19
1-1-21,8,24,53,68,69,7
1-5-21,20,43,51,55,57,4
1-8-21,3,6,16,18,58,11
1-12-21,12,14,26,28,33,9
1-15-21,3,11,12,38,43,15
1-19-21,10,19,26,28,50,16
1-22-21,4,26,42,50,60,24
1-26-21,29,49,56,66,67,24
1-29-21,4,44,58,59,70,3
2-2-21,13,37,38,40,67,10
2-5-21,14,17,28,29,44,2
2-9-21,7,18,21,31,40,9
2-12-21,5,14,24,25,27,14
2-16-21,1,36,44,54,66,10
2-19-21,27,32,47,50,53,4
2-23-21,5,7,9,20,57,15
2-26-21,11,15,37,62,64,5
3-2-21,4,8,13,34,64,18
3-5-21,10,11,17,27,54,20
3-9-21,4,33,46,58,65,13
3-12-21,2,24,25,31,65,18
3-16-21,10,41,46,52,69,8
3-19-21,9,14,40,58,69,8
3-23-21,12,23,35,38,55,11
3-26-21,4,25,37,46,67,15
3-30-21,11,37,47,53,56,15
4-2-21,10,42,48,53,62,19
4-6-21,1,19,20,32,42,17
4-9-21,22,26,27,58,66,12
4-13-21,10,15,19,45,68,9
4-16-21,17,27,28,50,55,25
4-20-21,6,23,43,49,52,5
4-23-21,4,28,29,30,60,25
4-27-21,15,22,30,41,42,25
4-30-21,8,19,26,48,49,5
5-4-21,4,27,32,57,63,22
5-7-21,5,10,19,21,50,10
5-11-21,7,8,20,36,39,22
5-14-21,3,18,41,44,68,3
5-18-21,3,5,56,61,66,4
5-21-21,6,9,17,18,48,8
5-25-21,14,21,31,34,54,11
5-28-21,10,14,20,47,70,15
6-1-21,7,11,33,58,63,23
6-4-21,4,30,34,41,64,8
6-8-21,9,22,39,41,54,19
6-11-21,4,43,56,63,68,13
6-15-21,18,22,27,38,52,11
6-18-21,14,36,44,46,53,18
6-22-21,1,26,48,51,59,25
6-25-21,17,20,42,45,65,12
6-29-21,7,38,50,52,69,21
7-2-21,8,31,32,34,45,19
7-6-21,18,47,63,68,69,14
7-9-21,6,37,39,41,46,17
7-13-21,3,10,17,26,55,24
7-16-21,24,25,47,52,57,24
7-20-21,10,26,30,52,57,10
7-23-21,13,17,19,40,69,17
7-27-21,2,35,36,54,64,11
7-30-21,19,26,31,52,68,10
8-3-21,1,9,17,27,34,24
8-6-21,9,18,40,46,69,9
8-10-21,29,45,50,59,62,12
8-13-21,17,21,35,40,53,11
8-17-21,3,6,16,38,56,24
8-20-21,41,43,51,57,70,1
8-24-21,17,18,26,52,67,19
8-27-21,1,10,44,47,56,23
8-31-21,8,14,31,58,68,15
9-3-21,7,10,12,61,65,3
9-7-21,15,17,25,32,53,12
9-10-21,20,32,35,47,64,18
9-14-21,4,13,19,63,64,16
9-17-21,17,32,40,59,61,18
9-21-21,36,41,45,51,56,13
9-24-21,17,21,27,43,56,15
9-28-21,18,30,43,68,69,22
10-1-21,21,25,36,62,63,6
10-5-21,7,11,18,30,36,4
10-8-21,21,24,36,40,70,22
10-12-21,21,26,56,61,65,4
10-15-21,3,20,31,34,65,18
10-19-21,3,12,13,19,52,1
10-22-21,9,14,26,29,66,22
10-26-21,6,14,19,56,62,9
10-29-21,15,26,28,35,45,4
11-2-21,5,10,26,58,65,9
11-5-21,10,15,20,66,68,18
11-9-21,9,14,16,26,49,14
11-12-21,30,32,42,46,48,15
11-16-21,6,22,44,53,65,3
11-19-21,5,23,52,53,59,18
11-23-21,7,24,54,57,58,6
11-26-21,7,27,37,42,59,2
11-30-21,7,8,26,30,39,17
12-3-21,22,45,48,58,61,13
12-7-21,1,7,40,43,68,1
12-10-21,23,25,40,42,60,8
12-14-21,33,35,44,55,69,20
12-17-21,21,32,38,48,62,10
12-21-21,25,31,58,64,67,24
12-24-21,16,17,25,36,37,16
12-28-21,3,5,8,31,38,4
12-31-21,2,5,30,46,61,8
1-4-22,4,6,16,21,22,1
1-7-22,7,29,43,56,57,6
1-11-22,2,3,19,52,58,16
1-14-22,5,8,13,22,48,25
1-18-22,4,19,39,42,52,9
1-21-22,38,45,46,55,67,18
1-25-22,3,12,38,53,58,13
1-28-22,3,16,25,44,55,13
2-1-22,11,24,38,62,66,1
2-4-22,7,16,34,44,61,24
2-8-22,1,17,20,52,54,2
2-11-22,11,16,23,24,30,24
2-15-22,2,4,15,21,63,19
2-18-22,6,11,50,63,68,17
2-22-22,6,17,22,57,62,3
2-25-22,15,31,40,56,66,4
3-1-22,18,22,38,39,50,18
3-4-22,11,19,28,46,47,5
3-8-22,7,18,38,58,64,24
3-11-22,24,28,39,44,66,25
3-15-22,9,14,28,59,60,24
3-18-22,2,6,25,40,45,5
3-22-22,8,15,21,27,61,8
3-25-22,3,13,42,51,58,17
3-29-22,7,22,36,45,47,12
4-1-22,26,42,47,48,63,21
4-5-22,22,43,60,63,64,18
4-8-22,8,11,29,32,40,2
4-12-22,2,8,14,20,31,17
4-15-22,4,17,20,46,64,23
4-19-22,2,9,33,47,53,24
4-22-22,7,28,29,58,59,10
4-26-22,5,7,19,46,69,2
4-29-22,9,11,34,49,66,15
5-3-22,15,19,27,35,57,17
5-6-22,16,21,33,52,70,10
5-10-22,15,19,20,61,70,6
5-13-22,11,41,43,44,65,13
5-17-22,7,21,24,41,65,24
5-20-22,33,40,59,60,69,22
5-24-22,3,5,6,63,68,25
5-27-22,3,14,40,53,54,8
5-31-22,6,15,41,63,64,24
6-3-22,11,16,22,48,59,11
6-7-22,4,34,40,41,53,3
6-10-22,3,12,14,18,32,4
6-14-22,30,37,38,42,58,22
6-17-22,20,36,53,56,69,16
6-21-22,8,13,18,32,42,20
6-24-22,1,7,11,25,56,14
6-28-22,7,12,21,43,55,11
7-1-22,1,27,29,38,62,12
7-5-22,27,31,50,51,61,21
7-8-22,20,36,61,62,69,20
7-12-22,4,7,10,45,64,12
7-15-22,8,20,26,53,64,15
7-19-22,2,31,32,37,70,25
7-22-22,14,40,60,64,66,16
7-26-22,7,29,60,63,66,15
7-29-22,13,36,45,57,67,14
8-2-22,10,14,25,37,63,14
8-5-22,2,5,29,64,69,18
8-9-22,1,8,10,25,32,13
8-12-22,23,24,50,54,64,3
8-16-22,33,35,41,45,51,1
8-19-22,12,18,24,46,65,3
8-23-22,3,5,47,48,67,7
8-26-22,6,27,30,38,64,23
8-30-22,2,38,55,57,65,17
9-2-22,39,40,52,60,67,20
9-6-22,6,17,46,59,68,2
9-9-22,16,21,54,55,69,22
9-13-22,14,25,38,59,64,21
9-16-22,15,30,35,38,66,12
9-20-22,9,21,28,30,52,10
9-23-22,5,50,53,58,64,22
9-27-22,8,14,24,43,51,9
9-30-22,16,26,37,40,51,6
10-4-22,15,18,25,33,38,25
10-7-22,6,11,29,36,55,21
10-11-22,3,7,11,13,38,1
10-14-22,9,22,26,41,44,19
10-18-22,1,15,20,44,67,23
10-21-22,34,36,43,45,68,22
10-25-22,21,30,35,45,66,21
10-28-22,4,18,31,53,69,7
11-1-22,5,9,15,16,17,25
11-4-22,2,20,47,55,59,19
11-8-22,5,13,29,38,59,23
11-11-22,1,5,17,37,70,22
11-15-22,6,19,28,46,61,18
11-18-22,2,14,16,38,66,9
11-22-22,13,23,24,25,43,2
11-25-22,29,31,46,54,67,18
11-29-22,20,23,37,46,52,6
12-2-22,1,21,36,46,52,16
12-6-22,15,16,19,28,47,13
12-9-22,8,19,53,61,69,19
12-13-22,14,22,48,58,68,6
12-16-22,8,35,40,53,56,11
12-20-22,3,4,33,36,52,17
12-23-22,15,21,32,38,62,8
12-27-22,9,13,36,59,61,11
12-30-22,1,3,6,44,51,7
1-3-23,25,29,33,41,44,18
1-6-23,3,20,46,59,63,13
1-10-23,7,13,14,15,18,9
1-13-23,30,43,45,46,61,14
1-17-23,2,12,18,24,39,18
1-20-23,20,29,31,64,66,17
1-24-23,33,41,47,50,62,20
1-27-23,4,43,46,47,61,22
1-31-23,7,9,18,29,39,13
2-3-23,1,4,50,54,59,17
2-7-23,9,15,46,55,57,4
2-10-23,20,29,30,52,58,19
2-14-23,23,24,35,40,43,1
2-17-23,2,33,38,57,70,13
2-21-23,2,15,30,36,63,24
2-24-23,2,22,49,65,67,7
2-28-23,14,16,40,52,59,13
3-3-23,8,25,36,39,67,11
3-7-23,15,22,25,28,69,21
3-10-23,9,20,59,60,63,5
3-14-23,1,7,23,38,55,2
3-17-23,26,28,29,39,49,25
3-21-23,1,21,25,27,40,11
3-24-23,14,17,33,42,66,15
3-28-23,2,3,18,32,68,24
3-31-23,16,26,27,42,61,23
4-4-23,1,37,45,62,64,4
4-7-23,12,32,49,51,66,21
4-11-23,31,35,53,54,55,24
4-14-23,23,27,41,48,51,22
4-18-23,7,9,15,19,25,4
4-21-23,3,21,29,46,63,9
4-25-23,8,29,46,47,48,12
4-28-23,18,38,53,62,64,20
5-2-23,3,15,16,32,41,9
5-5-23,16,18,28,42,43,11
5-9-23,4,37,46,48,51,19
5-12-23,1,2,23,40,45,15
5-16-23,15,34,36,69,70,17
5-19-23,5,11,41,44,55,14
5-23-23,3,10,22,65,66,19
5-26-23,12,20,37,41,64,1
5-30-23,13,16,40,64,68,21
6-2-23,3,16,19,36,60,25
6-6-23,6,12,23,29,57,4
6-9-23,3,19,53,60,68,13
6-13-23,8,10,19,44,47,4
6-16-23,4,24,34,45,57,19
6-20-23,6,37,39,45,46,21
6-23-23,13,62,65,67,69,14
6-27-23,8,34,35,41,52,12
6-30-23,13,22,47,51,55,9
7-4-23,21,33,54,61,67,12
7-7-23,8,10,17,55,66,3
7-11-23,10,17,33,51,64,5
7-14-23,10,24,48,51,66,15
7-18-23,19,22,31,37,54,18
7-21-23,29,40,47,50,57,25
7-25-23,3,5,6,44,61,25
7-28-23,5,10,28,52,63,18